story,question,A_f1,A_precision,A_predicted,A_recall,A_reference_count,A_true_positive,B_f1,B_precision,B_predicted,B_recall,B_reference_count,B_true_positive
harbor,possession,1.0,1.0,5,1.0,5,5,0.6666666666666666,0.5,10,1.0,5,5
harbor,locations,1.0,1.0,4,1.0,4,4,0.8,0.6666666666666666,6,1.0,4,4
harbor,belief,0.0,0.0,5,0.0,4,0,0.22222222222222224,0.14285714285714285,14,0.5,4,2
orchard,possession,1.0,1.0,5,1.0,5,5,0.5882352941176471,0.4166666666666667,12,1.0,5,5
orchard,locations,1.0,1.0,4,1.0,4,4,0.6666666666666665,0.6,5,0.75,4,3
orchard,belief,1.0,1.0,4,1.0,4,4,0.23529411764705882,0.15384615384615385,13,0.5,4,2
museum,possession,1.0,1.0,5,1.0,5,5,0.5555555555555556,0.38461538461538464,13,1.0,5,5
museum,locations,1.0,1.0,4,1.0,4,4,0.888888888888889,0.8,5,1.0,4,4
museum,belief,0.0,0.0,4,0.0,4,0,0.22222222222222224,0.14285714285714285,14,0.5,4,2
